unit_id,result,emotion,id,text
2675889463,happy,excitement,1236027805227417600,"Got what I wanted for Christmas. Check it out at https://t.co/gXeOVFNOiE 
Cum watch me enjoy it https://t.co/0WwFhBpZXu"
2675889463,happy,excitement,1236027805227417600,"Got what I wanted for Christmas. Check it out at https://t.co/gXeOVFNOiE 
Cum watch me enjoy it https://t.co/0WwFhBpZXu"
2675889464,fear,excitement,1236027599895359500,"It feels like now is a really good time to remind youâ€¦

Yes. Yes we will come for your AR-15s. 

#RememberInNovember 
#GunControlNOW"
2675889465,surprise,excitement,1236027708703789000,".@AndrewYang is in it for the long haul.

Expect his ideas to get taken a lot more seriously over the next 4-8 years.

https://t.co/PxNaVN126l"
2675889466,fear,excitement,1236027624960536600,"Leon says in concern, slowly rubbing Hops back. Hop leans up, and says after awhile, turns to him. â€œno itâ€™s okay, Lee. Iâ€™m good. I can hold it.â€ 
â€œWell, no more okay?â€
Hop stares at him hard and long, and he looks- cheeks flushed, lips wet and puffy from licking them too much -"
2675889466,pleasant,excitement,1236027624960536600,"Leon says in concern, slowly rubbing Hops back. Hop leans up, and says after awhile, turns to him. â€œno itâ€™s okay, Lee. Iâ€™m good. I can hold it.â€ 
â€œWell, no more okay?â€
Hop stares at him hard and long, and he looks- cheeks flushed, lips wet and puffy from licking them too much -"
2675889466,excitement,excitement,1236027624960536600,"Leon says in concern, slowly rubbing Hops back. Hop leans up, and says after awhile, turns to him. â€œno itâ€™s okay, Lee. Iâ€™m good. I can hold it.â€ 
â€œWell, no more okay?â€
Hop stares at him hard and long, and he looks- cheeks flushed, lips wet and puffy from licking them too much -"
2675889467,happy,excitement,1236027746913906700,"Reminder to friends: My birthday is coming up. 
https://t.co/2PFCY5x1IT"
2675889467,happy,excitement,1236027746913906700,"Reminder to friends: My birthday is coming up. 
https://t.co/2PFCY5x1IT"
2675889467,happy,excitement,1236027746913906700,"Reminder to friends: My birthday is coming up. 
https://t.co/2PFCY5x1IT"
2675889468,excitement,excitement,1236027834604433400,"random Dinobot Slash art ive done time ago, because i love her https://t.co/gWFbAumfQD"
2675889468,happy,excitement,1236027834604433400,"random Dinobot Slash art ive done time ago, because i love her https://t.co/gWFbAumfQD"
2675889468,happy,excitement,1236027834604433400,"random Dinobot Slash art ive done time ago, because i love her https://t.co/gWFbAumfQD"
2675889469,pleasant,excitement,1236027797438697500,"â­ï¸â­ï¸â­ï¸â­ï¸â­ï¸ Goodreads kid's book review - 

""Overall, this is another feel good adventure of Ronaldo and Rudi that will be appreciated by all ages. I canâ€™t wait to see what else is in store for the dynamic duo.""

https://t.co/cxOhe5AV3f

www'https://t.co/f97vfwD3II

#kids #kidlit https://t.co/j0u99PJjoD"
2675889469,excitement,excitement,1236027797438697500,"â­ï¸â­ï¸â­ï¸â­ï¸â­ï¸ Goodreads kid's book review - 

""Overall, this is another feel good adventure of Ronaldo and Rudi that will be appreciated by all ages. I canâ€™t wait to see what else is in store for the dynamic duo.""

https://t.co/cxOhe5AV3f

www'https://t.co/f97vfwD3II

#kids #kidlit https://t.co/j0u99PJjoD"
2675889469,excitement,excitement,1236027797438697500,"â­ï¸â­ï¸â­ï¸â­ï¸â­ï¸ Goodreads kid's book review - 

""Overall, this is another feel good adventure of Ronaldo and Rudi that will be appreciated by all ages. I canâ€™t wait to see what else is in store for the dynamic duo.""

https://t.co/cxOhe5AV3f

www'https://t.co/f97vfwD3II

#kids #kidlit https://t.co/j0u99PJjoD"
2675889470,excitement,excitement,1236027805412061200,iâ€™ll be at mill fest in 2 weeks and california in 4 weeks iâ€™m so EXCITED
2675889470,excitement,excitement,1236027805412061200,iâ€™ll be at mill fest in 2 weeks and california in 4 weeks iâ€™m so EXCITED
2675889470,happy,excitement,1236027805412061200,iâ€™ll be at mill fest in 2 weeks and california in 4 weeks iâ€™m so EXCITED
2675889471,angry,excitement,1236027796742275000,@ByYourLogic Been waiting for the right time to do a thread on this so I guess I'll just do it here. In 2018 Bernie Sanders showed up at the gate in Dulles Airport while my wife and I were waiting with our kids for a flight to Burlington.
2675889471,surprise,excitement,1236027796742275000,@ByYourLogic Been waiting for the right time to do a thread on this so I guess I'll just do it here. In 2018 Bernie Sanders showed up at the gate in Dulles Airport while my wife and I were waiting with our kids for a flight to Burlington.
2675889472,angry,excitement,1236027637644120000,@StickyBets Slow employeeeeees or an attempt to get customers to deposit. But why choose this match? I think it's simply just edge and ill take that every single time
2675889472,angry,excitement,1236027637644120000,@StickyBets Slow employeeeeees or an attempt to get customers to deposit. But why choose this match? I think it's simply just edge and ill take that every single time
2675889473,fear,excitement,1236027788307689500,"China Flights Never Stopped. I told you..DAM.
Medical screener at LAX airport tests positive for coronavirus.
The person was among screeners who are assigned to the airport's in-transit lounge and also ""support jetway screening on direct flights from China
https://t.co/QwYLEQZ9jG"
2675889473,fear,excitement,1236027788307689500,"China Flights Never Stopped. I told you..DAM.
Medical screener at LAX airport tests positive for coronavirus.
The person was among screeners who are assigned to the airport's in-transit lounge and also ""support jetway screening on direct flights from China
https://t.co/QwYLEQZ9jG"
2675889474,angry,excitement,1236027679650037800,"Ignoring the entire point of the story, a production company wanted to replace blacks with Asians as it would be a bigger audience??? 

Do you know how mad you have to be to even ask her to do that?!"
2675889474,angry,excitement,1236027679650037800,"Ignoring the entire point of the story, a production company wanted to replace blacks with Asians as it would be a bigger audience??? 

Do you know how mad you have to be to even ask her to do that?!"
2675889474,angry,excitement,1236027679650037800,"Ignoring the entire point of the story, a production company wanted to replace blacks with Asians as it would be a bigger audience??? 

Do you know how mad you have to be to even ask her to do that?!"
2675889475,excitement,excitement,1236027758423273500,"COMING SOON: Catch our documentary charting the incredible career of one of the world's top chefs, Co Antrim born Clare Smyth. #TasteOfSuccess https://t.co/BxfSLDqlBw"
2675889475,excitement,excitement,1236027758423273500,"COMING SOON: Catch our documentary charting the incredible career of one of the world's top chefs, Co Antrim born Clare Smyth. #TasteOfSuccess https://t.co/BxfSLDqlBw"
2675889475,happy,excitement,1236027758423273500,"COMING SOON: Catch our documentary charting the incredible career of one of the world's top chefs, Co Antrim born Clare Smyth. #TasteOfSuccess https://t.co/BxfSLDqlBw"
2675889476,happy,excitement,1236027621156229000,My first Holi! (Five days early) So much fun celebrating with such incredible people here in my second home in India. #holi https://t.co/3psf0CKj3D
2675889476,excitement,excitement,1236027621156229000,My first Holi! (Five days early) So much fun celebrating with such incredible people here in my second home in India. #holi https://t.co/3psf0CKj3D
2675889476,happy,excitement,1236027621156229000,My first Holi! (Five days early) So much fun celebrating with such incredible people here in my second home in India. #holi https://t.co/3psf0CKj3D
2675889477,fear,excitement,1236027763959742500,@CPusun Good bye
2675889477,pleasant,excitement,1236027763959742500,@CPusun Good bye
2675889477,pleasant,excitement,1236027763959742500,@CPusun Good bye
2675889478,angry,excitement,1236027717352673300,if i had clear skin i would be unstoppable sadly god decided it's not my time yet ğŸ˜”
2675889478,fear,excitement,1236027717352673300,if i had clear skin i would be unstoppable sadly god decided it's not my time yet ğŸ˜”
2675889478,surprise,excitement,1236027717352673300,if i had clear skin i would be unstoppable sadly god decided it's not my time yet ğŸ˜”
2675889479,pleasant,excitement,1236027600134434800,@mjekm5 No bullish divergence in momentum (daily chart) either.
2675889479,excitement,excitement,1236027600134434800,@mjekm5 No bullish divergence in momentum (daily chart) either.
2675889480,fear,excitement,1236027591577997300,"'What's the worst that could happen' oh no, I already know something bad is gonna happen"
2675889480,fear,excitement,1236027591577997300,"'What's the worst that could happen' oh no, I already know something bad is gonna happen"
2675889480,fear,excitement,1236027591577997300,"'What's the worst that could happen' oh no, I already know something bad is gonna happen"
2675889481,pleasant,excitement,1236027750692966400,Brown girls deserve all the hype ğŸ‘‰ğŸ¿ğŸ‘ˆğŸ¿
2675889481,happy,excitement,1236027750692966400,Brown girls deserve all the hype ğŸ‘‰ğŸ¿ğŸ‘ˆğŸ¿
2675889481,happy,excitement,1236027750692966400,Brown girls deserve all the hype ğŸ‘‰ğŸ¿ğŸ‘ˆğŸ¿
2675889482,excitement,excitement,1236027716920651800,#UASpringFest is coming and we are SUPER excited to tell you about it! Stay tuned to our social media for more news coming soon. https://t.co/FKMvkBHrLQ
2675889483,happy,happy,1236029457728704500,@whitewinery St. Basil's is beautiful. Orthodox have some beautiful cathedrals - like this: https://t.co/HAa2emZhCc
2675889483,happy,happy,1236029457728704500,@whitewinery St. Basil's is beautiful. Orthodox have some beautiful cathedrals - like this: https://t.co/HAa2emZhCc
2675889483,happy,happy,1236029457728704500,@whitewinery St. Basil's is beautiful. Orthodox have some beautiful cathedrals - like this: https://t.co/HAa2emZhCc
2675889484,happy,happy,1236029264702713900,How to make love to my boypussy. I bet your ex has never been as tight as Iâ€™ll be. Love how the head kisses the 2nd hole before diving in and impregnating.ğŸ¼ğŸ’¦ https://t.co/9iLogvMRkz
2675889484,happy,happy,1236029264702713900,How to make love to my boypussy. I bet your ex has never been as tight as Iâ€™ll be. Love how the head kisses the 2nd hole before diving in and impregnating.ğŸ¼ğŸ’¦ https://t.co/9iLogvMRkz
2675889484,happy,happy,1236029264702713900,How to make love to my boypussy. I bet your ex has never been as tight as Iâ€™ll be. Love how the head kisses the 2nd hole before diving in and impregnating.ğŸ¼ğŸ’¦ https://t.co/9iLogvMRkz
2675889485,happy,happy,1236028996258861000,I LOVE YOU BABY PLUTO  I LOVE YOUUUU  @LILUZIVERT #ETERNALATAKE #babypluto #LilUzi #P2 https://t.co/K6ERDcPnfL
2675889485,happy,happy,1236028996258861000,I LOVE YOU BABY PLUTO  I LOVE YOUUUU  @LILUZIVERT #ETERNALATAKE #babypluto #LilUzi #P2 https://t.co/K6ERDcPnfL
2675889485,happy,happy,1236028996258861000,I LOVE YOU BABY PLUTO  I LOVE YOUUUU  @LILUZIVERT #ETERNALATAKE #babypluto #LilUzi #P2 https://t.co/K6ERDcPnfL
2675889486,happy,happy,1236028874624024600,@JoshuaAyeni9 @iamtunaco @_plexy No baby. Nothing is a waste my love ğŸ˜™
2675889487,happy,happy,1236028841497260000,Londonâ€™s lucky I love him because he threw ALL MY POLYNESIAN SAUCE AWAY before I ate my chick-fil-a ğŸ˜­ğŸ˜­
2675889487,happy,happy,1236028841497260000,Londonâ€™s lucky I love him because he threw ALL MY POLYNESIAN SAUCE AWAY before I ate my chick-fil-a ğŸ˜­ğŸ˜­
2675889487,happy,happy,1236028841497260000,Londonâ€™s lucky I love him because he threw ALL MY POLYNESIAN SAUCE AWAY before I ate my chick-fil-a ğŸ˜­ğŸ˜­
2675889488,excitement,happy,1236028803576721400,@Josey_Joestar Love you too bro. But love or no love you still getting 2-0d next time we meet in bracket
2675889488,happy,happy,1236028803576721400,@Josey_Joestar Love you too bro. But love or no love you still getting 2-0d next time we meet in bracket
2675889489,happy,happy,1236029323620094000,"Boy, itâ€™s a marathon tonight. Back with part 2 of tonightâ€™s @WDFD_Records festival special in a few moments. Interviews on the way with @Hells_Addiction @4thLabyrinth #MadDog @TheHowlingTides @WhiteRavenDown @Theiafan and more. https://t.co/BL6KRWGRZr / tune. Pour a drink ! ğŸ˜ https://t.co/ESFL6pAEep"
2675889489,excitement,happy,1236029323620094000,"Boy, itâ€™s a marathon tonight. Back with part 2 of tonightâ€™s @WDFD_Records festival special in a few moments. Interviews on the way with @Hells_Addiction @4thLabyrinth #MadDog @TheHowlingTides @WhiteRavenDown @Theiafan and more. https://t.co/BL6KRWGRZr / tune. Pour a drink ! ğŸ˜ https://t.co/ESFL6pAEep"
2675889489,happy,happy,1236029323620094000,"Boy, itâ€™s a marathon tonight. Back with part 2 of tonightâ€™s @WDFD_Records festival special in a few moments. Interviews on the way with @Hells_Addiction @4thLabyrinth #MadDog @TheHowlingTides @WhiteRavenDown @Theiafan and more. https://t.co/BL6KRWGRZr / tune. Pour a drink ! ğŸ˜ https://t.co/ESFL6pAEep"
2675889490,happy,happy,1236029105285591000,@shemalefritzie Lucky bugger that looks like fun ğŸ˜ğŸ’¦ğŸ’¦ğŸ’¦ğŸ’¦ğŸ’“ğŸ’“ xx
2675889490,happy,happy,1236029105285591000,@shemalefritzie Lucky bugger that looks like fun ğŸ˜ğŸ’¦ğŸ’¦ğŸ’¦ğŸ’¦ğŸ’“ğŸ’“ xx
2675889490,pleasant,happy,1236029105285591000,@shemalefritzie Lucky bugger that looks like fun ğŸ˜ğŸ’¦ğŸ’¦ğŸ’¦ğŸ’¦ğŸ’“ğŸ’“ xx
2675889491,angry,happy,1236029407363358700,Your BABY GIRL having a BIRTHDAY?   These PINK PARTY NAPKINS are the cutest cuz they've got her PHOTO in the middle.  FIFTY PERCENT OFF w/code PARTYPLANZAZ! https://t.co/1izTYbp6it @zazzle #babygirlbirthday #girlbirthday #babybirthday #birthdayaccessories #partyaccessories
2675889491,happy,happy,1236029407363358700,Your BABY GIRL having a BIRTHDAY?   These PINK PARTY NAPKINS are the cutest cuz they've got her PHOTO in the middle.  FIFTY PERCENT OFF w/code PARTYPLANZAZ! https://t.co/1izTYbp6it @zazzle #babygirlbirthday #girlbirthday #babybirthday #birthdayaccessories #partyaccessories
2675889491,happy,happy,1236029407363358700,Your BABY GIRL having a BIRTHDAY?   These PINK PARTY NAPKINS are the cutest cuz they've got her PHOTO in the middle.  FIFTY PERCENT OFF w/code PARTYPLANZAZ! https://t.co/1izTYbp6it @zazzle #babygirlbirthday #girlbirthday #babybirthday #birthdayaccessories #partyaccessories
2675889492,happy,happy,1236029168757772300,@hazelrootslive My Love where art thow?
2675889493,excitement,happy,1236029285024125000,Scoring a Natural Hat ğŸ©ğŸ‡ğŸ¿Trick at â¦@TampaBayDownsFLâ© is Victor â¦@carrasco_racingâ© ( with his daughter in his arms) after Bunster goes wire to wire in Race 6! Runhappy Performance of the Day @GalleryRacing He is the Cousin of â¦@VictorJockeyâ© https://t.co/rfYVFJkSKh
2675889493,surprise,happy,1236029285024125000,Scoring a Natural Hat ğŸ©ğŸ‡ğŸ¿Trick at â¦@TampaBayDownsFLâ© is Victor â¦@carrasco_racingâ© ( with his daughter in his arms) after Bunster goes wire to wire in Race 6! Runhappy Performance of the Day @GalleryRacing He is the Cousin of â¦@VictorJockeyâ© https://t.co/rfYVFJkSKh
2675889494,happy,happy,1236029026101268500,"RT MELLOWCELLO1
I LOVE Mellow's piano music...I'm practicing a lot so I can play it:-)..why not give a listen?
https://t.co/uonIj5qbqG â€¦ â€¦ â€¦ https://t.co/jANTOhl3UZ"
2675889494,happy,happy,1236029026101268500,"RT MELLOWCELLO1
I LOVE Mellow's piano music...I'm practicing a lot so I can play it:-)..why not give a listen?
https://t.co/uonIj5qbqG â€¦ â€¦ â€¦ https://t.co/jANTOhl3UZ"
2675889494,happy,happy,1236029026101268500,"RT MELLOWCELLO1
I LOVE Mellow's piano music...I'm practicing a lot so I can play it:-)..why not give a listen?
https://t.co/uonIj5qbqG â€¦ â€¦ â€¦ https://t.co/jANTOhl3UZ"
2675889495,happy,happy,1236029126412251100,New music and a beautiful day just does something for my energy ğŸ¤™ğŸ½
2675889495,happy,happy,1236029126412251100,New music and a beautiful day just does something for my energy ğŸ¤™ğŸ½
2675889495,happy,happy,1236029126412251100,New music and a beautiful day just does something for my energy ğŸ¤™ğŸ½
2675889496,excitement,happy,1236028157943308300,Iâ€™m so hype to see YoungBoy this monthğŸ˜­ if u know me u know how much I love that man music
2675889496,happy,happy,1236028157943308300,Iâ€™m so hype to see YoungBoy this monthğŸ˜­ if u know me u know how much I love that man music
2675889496,excitement,happy,1236028157943308300,Iâ€™m so hype to see YoungBoy this monthğŸ˜­ if u know me u know how much I love that man music
2675889497,happy,happy,1236028816147067000,"Toy Story 4 Basketball Set And Baby Alive Doll Opening
â–¸ https://t.co/8Q1otvQaFA

#Toys #Kids https://t.co/n5xF8EurLq"
2675889497,pleasant,happy,1236028816147067000,"Toy Story 4 Basketball Set And Baby Alive Doll Opening
â–¸ https://t.co/8Q1otvQaFA

#Toys #Kids https://t.co/n5xF8EurLq"
2675889498,excitement,happy,1236029159635390500,@hhx37 No need beautiful w love you way more â¤ï¸
2675889498,happy,happy,1236029159635390500,@hhx37 No need beautiful w love you way more â¤ï¸
2675889498,happy,happy,1236029159635390500,@hhx37 No need beautiful w love you way more â¤ï¸
2675889499,happy,happy,1236029038520660000,@Hollyoaks I love James Nightengale ğŸ™ŒğŸ™ŒğŸ™Œ. He deserves happiness ğŸ™ŒğŸ™ŒğŸ™Œ #Hollyoaks
2675889499,pleasant,happy,1236029038520660000,@Hollyoaks I love James Nightengale ğŸ™ŒğŸ™ŒğŸ™Œ. He deserves happiness ğŸ™ŒğŸ™ŒğŸ™Œ #Hollyoaks
2675889499,happy,happy,1236029038520660000,@Hollyoaks I love James Nightengale ğŸ™ŒğŸ™ŒğŸ™Œ. He deserves happiness ğŸ™ŒğŸ™ŒğŸ™Œ #Hollyoaks
2675889500,pleasant,happy,1236029390468919300,@KaraboTebedi Your skin looks like those beautiful stones that you can find that have these shapes and colors which make them beautiful
2675889500,happy,happy,1236029390468919300,@KaraboTebedi Your skin looks like those beautiful stones that you can find that have these shapes and colors which make them beautiful
2675889500,pleasant,happy,1236029390468919300,@KaraboTebedi Your skin looks like those beautiful stones that you can find that have these shapes and colors which make them beautiful
2675889501,pleasant,happy,1236028451250827300,"We'v adjusted the Pick-a-Prize completion target to 250 loot bags.
Lucky Charms 2020 #MWO 
https://t.co/yVzgCyYoOt https://t.co/a7RqDWfUG0"
2675889501,pleasant,happy,1236028451250827300,"We'v adjusted the Pick-a-Prize completion target to 250 loot bags.
Lucky Charms 2020 #MWO 
https://t.co/yVzgCyYoOt https://t.co/a7RqDWfUG0"
2675889501,excitement,happy,1236028451250827300,"We'v adjusted the Pick-a-Prize completion target to 250 loot bags.
Lucky Charms 2020 #MWO 
https://t.co/yVzgCyYoOt https://t.co/a7RqDWfUG0"
2675889502,happy,happy,1236028522898100200,"@OuamroucheH @chancetotravel @MuchMorocco @Visit_Morocco_ Thankyou, we love ğŸ’“ Morocco ğŸ‡²ğŸ‡¦ too. Iâ€™m glad to hear it ğŸ˜Š"
2675889502,happy,happy,1236028522898100200,"@OuamroucheH @chancetotravel @MuchMorocco @Visit_Morocco_ Thankyou, we love ğŸ’“ Morocco ğŸ‡²ğŸ‡¦ too. Iâ€™m glad to hear it ğŸ˜Š"
2675889503,happy,pleasant,1236027604215435300,Think I deserve to be on Love islandğŸŒ´ https://t.co/8SGjRd0E3H
2675889503,happy,pleasant,1236027604215435300,Think I deserve to be on Love islandğŸŒ´ https://t.co/8SGjRd0E3H
2675889503,happy,pleasant,1236027604215435300,Think I deserve to be on Love islandğŸŒ´ https://t.co/8SGjRd0E3H
2675889504,happy,pleasant,1236027582367363000,"ğŸ‘‘1,000 V-Bucks GiveawayğŸ‘‘

- Retweet this post
- Follow @flexedgamer1 &amp; me
- Turn on notifications for more of these

Ends in 240 seconds, good luck everyone https://t.co/3otDcjByeT"
2675889504,pleasant,pleasant,1236027582367363000,"ğŸ‘‘1,000 V-Bucks GiveawayğŸ‘‘

- Retweet this post
- Follow @flexedgamer1 &amp; me
- Turn on notifications for more of these

Ends in 240 seconds, good luck everyone https://t.co/3otDcjByeT"
2675889504,pleasant,pleasant,1236027582367363000,"ğŸ‘‘1,000 V-Bucks GiveawayğŸ‘‘

- Retweet this post
- Follow @flexedgamer1 &amp; me
- Turn on notifications for more of these

Ends in 240 seconds, good luck everyone https://t.co/3otDcjByeT"
2675889505,happy,pleasant,1236027591724863500,"@ArmyBrigade13_D @BTS_twt Cancer sucks. You don't! So Glad it was good news.  
ğŸ’œğŸ’œğŸ’œğŸ’œğŸ’œğŸ’œğŸ’œğŸ’œ

#BestMusicVideo #iHeartAwards #BoyWithLuv @BTS_twt"
2675889505,happy,pleasant,1236027591724863500,"@ArmyBrigade13_D @BTS_twt Cancer sucks. You don't! So Glad it was good news.  
ğŸ’œğŸ’œğŸ’œğŸ’œğŸ’œğŸ’œğŸ’œğŸ’œ

#BestMusicVideo #iHeartAwards #BoyWithLuv @BTS_twt"
2675889505,fear,pleasant,1236027591724863500,"@ArmyBrigade13_D @BTS_twt Cancer sucks. You don't! So Glad it was good news.  
ğŸ’œğŸ’œğŸ’œğŸ’œğŸ’œğŸ’œğŸ’œğŸ’œ

#BestMusicVideo #iHeartAwards #BoyWithLuv @BTS_twt"
2675889506,happy,pleasant,1236027603091370000,@joepods Happy birthday pal ğŸ‘ğŸ¶ğŸ¶â¤ï¸ https://t.co/td3eEGrCAP
2675889506,happy,pleasant,1236027603091370000,@joepods Happy birthday pal ğŸ‘ğŸ¶ğŸ¶â¤ï¸ https://t.co/td3eEGrCAP
2675889506,happy,pleasant,1236027603091370000,@joepods Happy birthday pal ğŸ‘ğŸ¶ğŸ¶â¤ï¸ https://t.co/td3eEGrCAP
2675889507,happy,pleasant,1236027612360855600,Menzi Ngubane is a living legend I hope he gets his flowers and gets to smell them #Isibaya
2675889507,happy,pleasant,1236027612360855600,Menzi Ngubane is a living legend I hope he gets his flowers and gets to smell them #Isibaya
2675889507,pleasant,pleasant,1236027612360855600,Menzi Ngubane is a living legend I hope he gets his flowers and gets to smell them #Isibaya
2675889508,happy,pleasant,1236027607625408500,"@Badluckrabbit @LeadedInk @DrFudge765 I'm glad that my top tweet is #2, right after my feet dox https://t.co/CO7woS0jtl"
2675889508,excitement,pleasant,1236027607625408500,"@Badluckrabbit @LeadedInk @DrFudge765 I'm glad that my top tweet is #2, right after my feet dox https://t.co/CO7woS0jtl"
2675889508,happy,pleasant,1236027607625408500,"@Badluckrabbit @LeadedInk @DrFudge765 I'm glad that my top tweet is #2, right after my feet dox https://t.co/CO7woS0jtl"
2675889509,happy,pleasant,1236027608132808700,"Charities are far more efficient at helping the poor
than the government. https://t.co/tHHZLVRiGg"
2675889509,surprise,pleasant,1236027608132808700,"Charities are far more efficient at helping the poor
than the government. https://t.co/tHHZLVRiGg"
2675889509,angry,pleasant,1236027608132808700,"Charities are far more efficient at helping the poor
than the government. https://t.co/tHHZLVRiGg"
2675889510,angry,pleasant,1236027599584989200,"@Txsconstitution OMG, ERâ€™S are no longer places of comfort."
2675889510,angry,pleasant,1236027599584989200,"@Txsconstitution OMG, ERâ€™S are no longer places of comfort."
2675889511,happy,pleasant,1236027586985287700,"@pink_yaw Congrats on having your supportive loving tweet to Shane in his video, you deserve it! ğŸ‰ğŸ‰ğŸŠğŸ’–ğŸ’–ğŸ’–ğŸ’“ğŸ’“ğŸ’“ğŸ’“"
2675889511,happy,pleasant,1236027586985287700,"@pink_yaw Congrats on having your supportive loving tweet to Shane in his video, you deserve it! ğŸ‰ğŸ‰ğŸŠğŸ’–ğŸ’–ğŸ’–ğŸ’“ğŸ’“ğŸ’“ğŸ’“"
2675889511,happy,pleasant,1236027586985287700,"@pink_yaw Congrats on having your supportive loving tweet to Shane in his video, you deserve it! ğŸ‰ğŸ‰ğŸŠğŸ’–ğŸ’–ğŸ’–ğŸ’“ğŸ’“ğŸ’“ğŸ’“"
2675889512,surprise,pleasant,1236027591112429600,@helper2 @PJMedia_com He is connected.  His primary foreign policy advisor was on Burisma board.
2675889512,excitement,pleasant,1236027591112429600,@helper2 @PJMedia_com He is connected.  His primary foreign policy advisor was on Burisma board.
2675889512,surprise,pleasant,1236027591112429600,@helper2 @PJMedia_com He is connected.  His primary foreign policy advisor was on Burisma board.
2675889513,angry,pleasant,1236027603875741700,Certainly an elite agenda behind #COVIDãƒ¼19 Why are we letting these evil sick psychopaths play God with our lives???
2675889513,fear,pleasant,1236027603875741700,Certainly an elite agenda behind #COVIDãƒ¼19 Why are we letting these evil sick psychopaths play God with our lives???
2675889513,fear,pleasant,1236027603875741700,Certainly an elite agenda behind #COVIDãƒ¼19 Why are we letting these evil sick psychopaths play God with our lives???
2675889514,happy,pleasant,1236027587018752000,"So good to see @RyanJNewman back at Phoenix Raceway.

Sense of humor still the same! ğŸ‘ https://t.co/YrOKVSEhGt"
2675889514,pleasant,pleasant,1236027587018752000,"So good to see @RyanJNewman back at Phoenix Raceway.

Sense of humor still the same! ğŸ‘ https://t.co/YrOKVSEhGt"
2675889515,happy,pleasant,1236027595550003200,"So far, it looks good... https://t.co/qTnidDS4B5"
2675889515,happy,pleasant,1236027595550003200,"So far, it looks good... https://t.co/qTnidDS4B5"
2675889515,happy,pleasant,1236027595550003200,"So far, it looks good... https://t.co/qTnidDS4B5"
2675889516,surprise,pleasant,1236027603581931500,Check out what I just added to my closet on Poshmark: One LEFT Free people good karma neon coral hoodie. https://t.co/GV8GY9SNln via @poshmarkapp #shopmycloset
2675889516,excitement,pleasant,1236027603581931500,Check out what I just added to my closet on Poshmark: One LEFT Free people good karma neon coral hoodie. https://t.co/GV8GY9SNln via @poshmarkapp #shopmycloset
2675889516,happy,pleasant,1236027603581931500,Check out what I just added to my closet on Poshmark: One LEFT Free people good karma neon coral hoodie. https://t.co/GV8GY9SNln via @poshmarkapp #shopmycloset
2675889517,surprise,pleasant,1236027607872831500,"@cns46z @TWrinklyninja @HeidiBearKaye1 @cairnpaul @c4_pmc @CA_TimB @MarkAvery Letâ€™s here the agenda, what the jobs will be and how they will somehow achieve their goals (and without vermin control practices). And if you think grouse moors are money making machines you ainâ€™t got a frickin clue!"
2675889518,excitement,pleasant,1236027581885026300,Absolutely true.
2675889518,pleasant,pleasant,1236027581885026300,Absolutely true.
2675889519,happy,pleasant,1236027600151117800,@CHOKEATHENA itâ€™s such a good movie like disney or not
2675889519,happy,pleasant,1236027600151117800,@CHOKEATHENA itâ€™s such a good movie like disney or not
2675889519,pleasant,pleasant,1236027600151117800,@CHOKEATHENA itâ€™s such a good movie like disney or not
2675889520,angry,pleasant,1236027583050977300,@Yeaahh_Im_Rudyy On god I was dyin at this shit earlier ğŸ¤£ğŸ¤£
2675889520,angry,pleasant,1236027583050977300,@Yeaahh_Im_Rudyy On god I was dyin at this shit earlier ğŸ¤£ğŸ¤£
2675889520,angry,pleasant,1236027583050977300,@Yeaahh_Im_Rudyy On god I was dyin at this shit earlier ğŸ¤£ğŸ¤£
2675889521,fear,pleasant,1236027586934956000,@martinbritnell I hope not I booked my train ticket a fortnight ago....ğŸ¤¦â€â™‚ï¸
2675889521,fear,pleasant,1236027586934956000,@martinbritnell I hope not I booked my train ticket a fortnight ago....ğŸ¤¦â€â™‚ï¸
2675889522,angry,pleasant,1236027611714859000,Valdez's attorney says Valdez kept a.loaded gun by his bed for self defense at the suggestion of an earlier stepfather #WKOW https://t.co/HIJtCKegpx
2675889522,surprise,pleasant,1236027611714859000,Valdez's attorney says Valdez kept a.loaded gun by his bed for self defense at the suggestion of an earlier stepfather #WKOW https://t.co/HIJtCKegpx
2675889523,angry,surprise,1236027591531868200,"@finlay1916 @mikeybhoy11 @FoundationCFC So do you accept decades of child abuse in other areas of your life??
Your local pub?
Your shops?
Your work?
Are paedos ok to operate without a problem there or just at your football club?"
2675889523,angry,surprise,1236027591531868200,"@finlay1916 @mikeybhoy11 @FoundationCFC So do you accept decades of child abuse in other areas of your life??
Your local pub?
Your shops?
Your work?
Are paedos ok to operate without a problem there or just at your football club?"
2675889523,angry,surprise,1236027591531868200,"@finlay1916 @mikeybhoy11 @FoundationCFC So do you accept decades of child abuse in other areas of your life??
Your local pub?
Your shops?
Your work?
Are paedos ok to operate without a problem there or just at your football club?"
2675889524,excitement,surprise,1236027708758462500,"Triple whammy.. Communal violence , eco slowdown and a health crisis.. when former PM Manmohan Singh writes, you do read! https://t.co/BVQ8ia8Dr5"
2675889525,excitement,surprise,1236027671060062200,"Andy's not in a good place, and Rob doesn't  seem to know how to help him #robron #robronrewatch"
2675889525,surprise,surprise,1236027671060062200,"Andy's not in a good place, and Rob doesn't  seem to know how to help him #robron #robronrewatch"
2675889525,fear,surprise,1236027671060062200,"Andy's not in a good place, and Rob doesn't  seem to know how to help him #robron #robronrewatch"
2675889526,surprise,surprise,1236027637937520600,"NOW HAPPENING: The College of Social Sciences (CSS) holds the culmination night as the final event of the CSS Week at the CSS Courtyard.

The event comprises of a performing art competition and awarding of winners of ""Question of the Day"" and ""Sokscientist Quiz Bee"" competitions. https://t.co/2lV5YNsqnV"
2675889526,excitement,surprise,1236027637937520600,"NOW HAPPENING: The College of Social Sciences (CSS) holds the culmination night as the final event of the CSS Week at the CSS Courtyard.

The event comprises of a performing art competition and awarding of winners of ""Question of the Day"" and ""Sokscientist Quiz Bee"" competitions. https://t.co/2lV5YNsqnV"
2675889526,pleasant,surprise,1236027637937520600,"NOW HAPPENING: The College of Social Sciences (CSS) holds the culmination night as the final event of the CSS Week at the CSS Courtyard.

The event comprises of a performing art competition and awarding of winners of ""Question of the Day"" and ""Sokscientist Quiz Bee"" competitions. https://t.co/2lV5YNsqnV"
2675889527,fear,surprise,1236027713455964200,"D'Adrien Anderson sentenced to 30 days in jail after video posted last year showed him licking a container of ice cream before returning it to the shelf at a Texas Walmart 

 https://t.co/LTuENe2xu2"
2675889527,surprise,surprise,1236027713455964200,"D'Adrien Anderson sentenced to 30 days in jail after video posted last year showed him licking a container of ice cream before returning it to the shelf at a Texas Walmart 

 https://t.co/LTuENe2xu2"
2675889527,surprise,surprise,1236027713455964200,"D'Adrien Anderson sentenced to 30 days in jail after video posted last year showed him licking a container of ice cream before returning it to the shelf at a Texas Walmart 

 https://t.co/LTuENe2xu2"
2675889528,pleasant,surprise,1236027725653000200,"They had a part, but only a very small one.

      And heâ€™s going to stay oblivious, because Sam doesnâ€™t want to ruin this..."
2675889529,angry,surprise,1236027583059439600,"Virus or No Virus

This should be a standard procedure with ALL airlines!"
2675889529,fear,surprise,1236027583059439600,"Virus or No Virus

This should be a standard procedure with ALL airlines!"
2675889529,fear,surprise,1236027583059439600,"Virus or No Virus

This should be a standard procedure with ALL airlines!"
2675889530,angry,surprise,1236027633458126800,"The waiting for the appearance of #ThePromisedSaviour is a sign of cries for the healing of wounds and for redressing unfair conditions, where the just are suffering and the poor are made even poorer!
#Muslim

#IndianMuslimsInDanger"
2675889530,angry,surprise,1236027633458126800,"The waiting for the appearance of #ThePromisedSaviour is a sign of cries for the healing of wounds and for redressing unfair conditions, where the just are suffering and the poor are made even poorer!
#Muslim

#IndianMuslimsInDanger"
2675889530,fear,surprise,1236027633458126800,"The waiting for the appearance of #ThePromisedSaviour is a sign of cries for the healing of wounds and for redressing unfair conditions, where the just are suffering and the poor are made even poorer!
#Muslim

#IndianMuslimsInDanger"
2675889531,angry,surprise,1236027725460144000,"Ilhan Omar believes racism fuels American power.

This is coming from one of the most anti-Semitic person in Congress.

She should stop accusing others what she is guilty of!"
2675889532,happy,surprise,1236027675426214000,I'm a happy boy cause walking dead part 2 of season 10 is outğŸ˜­ I'm late by 2 weeks thooo
2675889532,happy,surprise,1236027675426214000,I'm a happy boy cause walking dead part 2 of season 10 is outğŸ˜­ I'm late by 2 weeks thooo
2675889532,happy,surprise,1236027675426214000,I'm a happy boy cause walking dead part 2 of season 10 is outğŸ˜­ I'm late by 2 weeks thooo
2675889533,excitement,surprise,1236027675497640000,ğŸ’¦ğŸ§šğŸ½â€â™€ï¸TIGHT ASS ğŸ˜» GRIPPING MY TOY AS I CREAM IT UPğŸ§šğŸ½â€â™€ï¸ğŸ’¦ #FridayThoughts #FriskyFriday ğŸ‘…ğŸ’‹âœ¨â€¼ï¸ https://t.co/oDRzKrNOKf
2675889533,fear,surprise,1236027675497640000,ğŸ’¦ğŸ§šğŸ½â€â™€ï¸TIGHT ASS ğŸ˜» GRIPPING MY TOY AS I CREAM IT UPğŸ§šğŸ½â€â™€ï¸ğŸ’¦ #FridayThoughts #FriskyFriday ğŸ‘…ğŸ’‹âœ¨â€¼ï¸ https://t.co/oDRzKrNOKf
2675889533,fear,surprise,1236027675497640000,ğŸ’¦ğŸ§šğŸ½â€â™€ï¸TIGHT ASS ğŸ˜» GRIPPING MY TOY AS I CREAM IT UPğŸ§šğŸ½â€â™€ï¸ğŸ’¦ #FridayThoughts #FriskyFriday ğŸ‘…ğŸ’‹âœ¨â€¼ï¸ https://t.co/oDRzKrNOKf
2675889534,angry,surprise,1236027716870303700,"@rinkara I used to RP with people in their 20â€™s when I was a teen and I never ran into anything weird. The people who turned out to be creepy and abusive were younger then me ğŸ¤·â€â™€ï¸ kids should use caution sure, but not every relationship is inherently predatory"
2675889534,fear,surprise,1236027716870303700,"@rinkara I used to RP with people in their 20â€™s when I was a teen and I never ran into anything weird. The people who turned out to be creepy and abusive were younger then me ğŸ¤·â€â™€ï¸ kids should use caution sure, but not every relationship is inherently predatory"
2675889534,fear,surprise,1236027716870303700,"@rinkara I used to RP with people in their 20â€™s when I was a teen and I never ran into anything weird. The people who turned out to be creepy and abusive were younger then me ğŸ¤·â€â™€ï¸ kids should use caution sure, but not every relationship is inherently predatory"
2675889535,excitement,surprise,1236027638117957600,Trump campaign files defamation suit against CNN | TheHill https://t.co/v0pPNeBhCD
2675889536,angry,surprise,1236027587455053800,"@mis_cue @kateperez @BitchyKnitter The editor of VK is a piece of shit. She knows me by name and we've tangled before. 

Should tag her here on Twitter, that would be fun, wouldn't it?"
2675889536,angry,surprise,1236027587455053800,"@mis_cue @kateperez @BitchyKnitter The editor of VK is a piece of shit. She knows me by name and we've tangled before. 

Should tag her here on Twitter, that would be fun, wouldn't it?"
2675889536,angry,surprise,1236027587455053800,"@mis_cue @kateperez @BitchyKnitter The editor of VK is a piece of shit. She knows me by name and we've tangled before. 

Should tag her here on Twitter, that would be fun, wouldn't it?"
2675889537,happy,surprise,1236027687694565400,So much original art Iâ€™ll be photographing and letting go for a decent price! Payment plans are ok! Will be posted in a thread below this https://t.co/mYkMZaNOgB
2675889537,pleasant,surprise,1236027687694565400,So much original art Iâ€™ll be photographing and letting go for a decent price! Payment plans are ok! Will be posted in a thread below this https://t.co/mYkMZaNOgB
2675889537,happy,surprise,1236027687694565400,So much original art Iâ€™ll be photographing and letting go for a decent price! Payment plans are ok! Will be posted in a thread below this https://t.co/mYkMZaNOgB
2675889538,happy,surprise,1236027591129206800,"Thank you all again for all your kind messages and taking time to look at my art, means a lot, I normally try and message everyone but thereâ€™s just so many comments, overwhelmed....thanks again ğŸ¨ğŸ‘ğŸ»ğŸ¤—ğŸ€"
2675889538,happy,surprise,1236027591129206800,"Thank you all again for all your kind messages and taking time to look at my art, means a lot, I normally try and message everyone but thereâ€™s just so many comments, overwhelmed....thanks again ğŸ¨ğŸ‘ğŸ»ğŸ¤—ğŸ€"
2675889538,happy,surprise,1236027591129206800,"Thank you all again for all your kind messages and taking time to look at my art, means a lot, I normally try and message everyone but thereâ€™s just so many comments, overwhelmed....thanks again ğŸ¨ğŸ‘ğŸ»ğŸ¤—ğŸ€"
2675889539,angry,surprise,1236027662918877200,"@Nitti2Litti Mexico was a dictatorship and didnâ€™t give Texas proper representation in the government. They joined it with another state which suppressed the opinions of the people of Texas. Texans initially fought for separate statehood but never go it, especially when Santa Anna took over"
2675889539,angry,surprise,1236027662918877200,"@Nitti2Litti Mexico was a dictatorship and didnâ€™t give Texas proper representation in the government. They joined it with another state which suppressed the opinions of the people of Texas. Texans initially fought for separate statehood but never go it, especially when Santa Anna took over"
2675889539,angry,surprise,1236027662918877200,"@Nitti2Litti Mexico was a dictatorship and didnâ€™t give Texas proper representation in the government. They joined it with another state which suppressed the opinions of the people of Texas. Texans initially fought for separate statehood but never go it, especially when Santa Anna took over"
2675889540,angry,surprise,1236027725833482200,DAMN PARENTAL DEATH ALREADY? #furiwarriors
2675889541,angry,surprise,1236027637690220500,Them red flags be looking like Six Flags when you feeling a mfğŸ¥´
2675889541,surprise,surprise,1236027637690220500,Them red flags be looking like Six Flags when you feeling a mfğŸ¥´
2675889541,pleasant,surprise,1236027637690220500,Them red flags be looking like Six Flags when you feeling a mfğŸ¥´
2675889542,fear,surprise,1236027620602544000,George Barris' last picture of Marilyn Monroe three weeks before her death in 1962. https://t.co/3DnCwPVkGh
2675889542,excitement,surprise,1236027620602544000,George Barris' last picture of Marilyn Monroe three weeks before her death in 1962. https://t.co/3DnCwPVkGh
2675889542,surprise,surprise,1236027620602544000,George Barris' last picture of Marilyn Monroe three weeks before her death in 1962. https://t.co/3DnCwPVkGh
2675889543,angry,fear,1236030913009475600,"Former US Attorney Says Schumer's Threats ""May Very Well Be Criminal""...

RT IF YOU WOULD LIKE TO SEE CHUCK SCHUMER CHARGED..

https://t.co/btyx73A06t"
2675889543,angry,fear,1236030913009475600,"Former US Attorney Says Schumer's Threats ""May Very Well Be Criminal""...

RT IF YOU WOULD LIKE TO SEE CHUCK SCHUMER CHARGED..

https://t.co/btyx73A06t"
2675889543,fear,fear,1236030913009475600,"Former US Attorney Says Schumer's Threats ""May Very Well Be Criminal""...

RT IF YOU WOULD LIKE TO SEE CHUCK SCHUMER CHARGED..

https://t.co/btyx73A06t"
2675889544,angry,fear,1236030732704927700,"When you don't like the game, just change the rules to suit your needs. #DNCrigged This woman really is the only candidate on the entire democrat ticket that isn't completely insane. #Biden &amp; @DNC #corruption is a like a submarine running on the surface now. In plain sight."
2675889544,angry,fear,1236030732704927700,"When you don't like the game, just change the rules to suit your needs. #DNCrigged This woman really is the only candidate on the entire democrat ticket that isn't completely insane. #Biden &amp; @DNC #corruption is a like a submarine running on the surface now. In plain sight."
2675889544,pleasant,fear,1236030732704927700,"When you don't like the game, just change the rules to suit your needs. #DNCrigged This woman really is the only candidate on the entire democrat ticket that isn't completely insane. #Biden &amp; @DNC #corruption is a like a submarine running on the surface now. In plain sight."
2675889545,pleasant,fear,1236028174435266600,"@tonyschiavone24 @DaBuggityBug PMA Tony and Bug.  Good vibes to Bug, you and the fam!"
2675889545,excitement,fear,1236028174435266600,"@tonyschiavone24 @DaBuggityBug PMA Tony and Bug.  Good vibes to Bug, you and the fam!"
2675889545,happy,fear,1236028174435266600,"@tonyschiavone24 @DaBuggityBug PMA Tony and Bug.  Good vibes to Bug, you and the fam!"
2675889546,angry,fear,1236030598998868000,"â€˜The Outsiderâ€™ Brings a Faceless Terror, and Stephen King, to HBO - The New York Times https://t.co/kTbch8u9SV via @Instapaper"
2675889546,fear,fear,1236030598998868000,"â€˜The Outsiderâ€™ Brings a Faceless Terror, and Stephen King, to HBO - The New York Times https://t.co/kTbch8u9SV via @Instapaper"
2675889546,fear,fear,1236030598998868000,"â€˜The Outsiderâ€™ Brings a Faceless Terror, and Stephen King, to HBO - The New York Times https://t.co/kTbch8u9SV via @Instapaper"
2675889547,surprise,fear,1236031035449761800,"@thehill 2019 the easiest thing for any normie paying attention to things was: Jeffery Epstein wasn't gonna live to rat out the rich, famous, connected elites. 

And in 2020 this takes the cake for easy-to-predict: the DNC won't let Tulsi spoil their electioneering efforts."
2675889547,angry,fear,1236031035449761800,"@thehill 2019 the easiest thing for any normie paying attention to things was: Jeffery Epstein wasn't gonna live to rat out the rich, famous, connected elites. 

And in 2020 this takes the cake for easy-to-predict: the DNC won't let Tulsi spoil their electioneering efforts."
2675889548,angry,fear,1236027923091648500,"*coming off, I Iive to come up with new ideas and how to change organisms, finally America is showing some signs of new change and leadership. If I see it I won't knock them on it at all. #SmartModel"
2675889548,angry,fear,1236027923091648500,"*coming off, I Iive to come up with new ideas and how to change organisms, finally America is showing some signs of new change and leadership. If I see it I won't knock them on it at all. #SmartModel"
2675889548,pleasant,fear,1236027923091648500,"*coming off, I Iive to come up with new ideas and how to change organisms, finally America is showing some signs of new change and leadership. If I see it I won't knock them on it at all. #SmartModel"
2675889549,excitement,fear,1236030477422588000,i am so jealous of every single of these beautiful ladies on this thread..ğŸ˜­ my stomach + stretch marks could never.
2675889549,fear,fear,1236030477422588000,i am so jealous of every single of these beautiful ladies on this thread..ğŸ˜­ my stomach + stretch marks could never.
2675889549,fear,fear,1236030477422588000,i am so jealous of every single of these beautiful ladies on this thread..ğŸ˜­ my stomach + stretch marks could never.
2675889549,fear,fear,1236030477422588000,i am so jealous of every single of these beautiful ladies on this thread..ğŸ˜­ my stomach + stretch marks could never.
2675889550,fear,fear,1236027876841005000,"Relatives of those died in #CorluTrenKatliamÄ± have been detained on June 12, 2019 due to violating Law on Meetings and Demonstrations. Next hearing scheduled for April 13 at Ankara 50th Criminal Court of First Instance.

https://t.co/oy3X7PwIWo"
2675889550,surprise,fear,1236027876841005000,"Relatives of those died in #CorluTrenKatliamÄ± have been detained on June 12, 2019 due to violating Law on Meetings and Demonstrations. Next hearing scheduled for April 13 at Ankara 50th Criminal Court of First Instance.

https://t.co/oy3X7PwIWo"
2675889550,angry,fear,1236027876841005000,"Relatives of those died in #CorluTrenKatliamÄ± have been detained on June 12, 2019 due to violating Law on Meetings and Demonstrations. Next hearing scheduled for April 13 at Ankara 50th Criminal Court of First Instance.

https://t.co/oy3X7PwIWo"
2675889551,angry,fear,1236030158730965000,"@sunraysunray Were any Nazi flags unfurled at her rallies?

Am I the only one who thinks that having a Nazi flag unfurled at a rally for a Jewish candidate is more disturbing than some snake emojis?"
2675889551,angry,fear,1236030158730965000,"@sunraysunray Were any Nazi flags unfurled at her rallies?

Am I the only one who thinks that having a Nazi flag unfurled at a rally for a Jewish candidate is more disturbing than some snake emojis?"
2675889551,angry,fear,1236030158730965000,"@sunraysunray Were any Nazi flags unfurled at her rallies?

Am I the only one who thinks that having a Nazi flag unfurled at a rally for a Jewish candidate is more disturbing than some snake emojis?"
2675889552,surprise,fear,1236030447869517800,"Socialism for the rich. 

What happens to the people who serve meals, make beds, perform other low paying jobs? 
 https://t.co/EBPqnCZCX7"
2675889553,angry,fear,1236030158785712000,"You are disgusting Woj, they are not referred as owners correct term is team governors. @ESPNNBA please do something to this racist puck @wojespn"
2675889553,angry,fear,1236030158785712000,"You are disgusting Woj, they are not referred as owners correct term is team governors. @ESPNNBA please do something to this racist puck @wojespn"
2675889553,angry,fear,1236030158785712000,"You are disgusting Woj, they are not referred as owners correct term is team governors. @ESPNNBA please do something to this racist puck @wojespn"
2675889554,angry,fear,1236028321365987300,"I remember visiting Vermont's ""sister state"" in Karelia, where Ben and Jerry's set up an ice deal-making operation. They were playing around with calling ""Chunky Monkey"" by a new name in Russian - ""Banana Karenina."" Dangerous interaction with the enemy! https://t.co/RoNkmgNfzY"
2675889554,fear,fear,1236028321365987300,"I remember visiting Vermont's ""sister state"" in Karelia, where Ben and Jerry's set up an ice deal-making operation. They were playing around with calling ""Chunky Monkey"" by a new name in Russian - ""Banana Karenina."" Dangerous interaction with the enemy! https://t.co/RoNkmgNfzY"
2675889554,angry,fear,1236028321365987300,"I remember visiting Vermont's ""sister state"" in Karelia, where Ben and Jerry's set up an ice deal-making operation. They were playing around with calling ""Chunky Monkey"" by a new name in Russian - ""Banana Karenina."" Dangerous interaction with the enemy! https://t.co/RoNkmgNfzY"
2675889555,angry,fear,1236031093914075100,"@maryannhare @crazywokeasian @stellaaaa @JustAGurLnSwedn @AsteadWesley Gaslighting refers to a serious and insidious form of mental/emotional abuse. Stop cheapening the meaning of the term gaslighting by applying it to someone who just holds a different viewpoint than you.

Seriously, reread what you both wrote and think about whether that was okay."
2675889555,angry,fear,1236031093914075100,"@maryannhare @crazywokeasian @stellaaaa @JustAGurLnSwedn @AsteadWesley Gaslighting refers to a serious and insidious form of mental/emotional abuse. Stop cheapening the meaning of the term gaslighting by applying it to someone who just holds a different viewpoint than you.

Seriously, reread what you both wrote and think about whether that was okay."
2675889555,angry,fear,1236031093914075100,"@maryannhare @crazywokeasian @stellaaaa @JustAGurLnSwedn @AsteadWesley Gaslighting refers to a serious and insidious form of mental/emotional abuse. Stop cheapening the meaning of the term gaslighting by applying it to someone who just holds a different viewpoint than you.

Seriously, reread what you both wrote and think about whether that was okay."
2675889556,angry,fear,1236029151666110500,God #LoveIsBlind is so cringe but Iâ€™m addicted
2675889556,pleasant,fear,1236029151666110500,God #LoveIsBlind is so cringe but Iâ€™m addicted
2675889557,happy,fear,1236028984275673000,durk make the best hood love songs.
2675889557,excitement,fear,1236028984275673000,durk make the best hood love songs.
2675889557,happy,fear,1236028984275673000,durk make the best hood love songs.
2675889558,happy,fear,1236028971696840700,@RikaReek I love me some witch hazel
2675889558,pleasant,fear,1236028971696840700,@RikaReek I love me some witch hazel
2675889558,happy,fear,1236028971696840700,@RikaReek I love me some witch hazel
2675889559,surprise,fear,1236027788546760700,WHY is she threatening a god?
2675889560,angry,fear,1236030133254881300,I want Susan Collins crushed like a bug during her reelection.
2675889560,angry,fear,1236030133254881300,I want Susan Collins crushed like a bug during her reelection.
2675889560,angry,fear,1236030133254881300,I want Susan Collins crushed like a bug during her reelection.
2675889561,angry,fear,1236029373762822100,"@jodirosoff @seyitsme Honestly, that's MUCH less messy. LOL But it takes precision! The nice thing about glitter is it's such a mess, who knows if you messed it up a little more. ğŸ˜‚"
2675889561,surprise,fear,1236029373762822100,"@jodirosoff @seyitsme Honestly, that's MUCH less messy. LOL But it takes precision! The nice thing about glitter is it's such a mess, who knows if you messed it up a little more. ğŸ˜‚"
2675889561,surprise,fear,1236029373762822100,"@jodirosoff @seyitsme Honestly, that's MUCH less messy. LOL But it takes precision! The nice thing about glitter is it's such a mess, who knows if you messed it up a little more. ğŸ˜‚"
2675889562,surprise,fear,1236028979661938700,may god protect asim from all this wickedness on earth and buri nazar from evil eyes
2675889562,pleasant,fear,1236028979661938700,may god protect asim from all this wickedness on earth and buri nazar from evil eyes
2675889563,surprise,angry,1236034664055308300,"#BREAKING:Why won't @USArmy CONFIRM OR DENY whether @senatemajldr,one of the most powerful politicians who's currently up for reelection,was EVER the subject of a court martial?

#TheResistance #MitchMcConnell #CNN #MSNBC #Yahoo #mondaythoughts #FBRParty
https://t.co/dkpzf4x0Pz"
2675889564,excitement,angry,1236031644194287600,"no i don't just like bakugo cause he's hot, though i will not deny my homosexual attraction to that boy-"
2675889564,happy,angry,1236031644194287600,"no i don't just like bakugo cause he's hot, though i will not deny my homosexual attraction to that boy-"
2675889564,happy,angry,1236031644194287600,"no i don't just like bakugo cause he's hot, though i will not deny my homosexual attraction to that boy-"
2675889565,angry,angry,1236033098619338800,I've been waiting for that air drop care package for fucking months now. BS. It was suppose to have cash new identie. And a pound of smoke. I ain't got shit. Wtf mon
2675889565,angry,angry,1236033098619338800,I've been waiting for that air drop care package for fucking months now. BS. It was suppose to have cash new identie. And a pound of smoke. I ain't got shit. Wtf mon
2675889565,angry,angry,1236033098619338800,I've been waiting for that air drop care package for fucking months now. BS. It was suppose to have cash new identie. And a pound of smoke. I ain't got shit. Wtf mon
2675889565,angry,angry,1236033098619338800,I've been waiting for that air drop care package for fucking months now. BS. It was suppose to have cash new identie. And a pound of smoke. I ain't got shit. Wtf mon
2675889566,angry,angry,1236033761365479400,love clingy but if im angry or its hot out? you need to back the fuck up
2675889566,angry,angry,1236033761365479400,love clingy but if im angry or its hot out? you need to back the fuck up
2675889566,angry,angry,1236033761365479400,love clingy but if im angry or its hot out? you need to back the fuck up
2675889567,angry,angry,1236031332792373200,Fuck what yâ€™all Talkin bout uzi album hot as shit ğŸ˜‚ğŸ”¥ğŸ”¥ğŸ”¥
2675889567,angry,angry,1236031332792373200,Fuck what yâ€™all Talkin bout uzi album hot as shit ğŸ˜‚ğŸ”¥ğŸ”¥ğŸ”¥
2675889567,angry,angry,1236031332792373200,Fuck what yâ€™all Talkin bout uzi album hot as shit ğŸ˜‚ğŸ”¥ğŸ”¥ğŸ”¥
2675889568,angry,angry,1236028426332577800,@KerryPicket @TedNesi How could a member of such a robust and deliberative body of lawmakers accept what was said by @SenSchumer to 2 Supreme Court Justices? Schumer said â€œhe wonâ€™t know what hit himâ€ how can that be taken except as a threat. @SenWhitehouse @senatemajldr @ChuckGrassley @LindseyGrahamSC
2675889568,angry,angry,1236028426332577800,@KerryPicket @TedNesi How could a member of such a robust and deliberative body of lawmakers accept what was said by @SenSchumer to 2 Supreme Court Justices? Schumer said â€œhe wonâ€™t know what hit himâ€ how can that be taken except as a threat. @SenWhitehouse @senatemajldr @ChuckGrassley @LindseyGrahamSC
2675889568,angry,angry,1236028426332577800,@KerryPicket @TedNesi How could a member of such a robust and deliberative body of lawmakers accept what was said by @SenSchumer to 2 Supreme Court Justices? Schumer said â€œhe wonâ€™t know what hit himâ€ how can that be taken except as a threat. @SenWhitehouse @senatemajldr @ChuckGrassley @LindseyGrahamSC
2675889569,excitement,angry,1236031357941211100,Women are annoying but they are hot
2675889569,excitement,angry,1236031357941211100,Women are annoying but they are hot
2675889570,excitement,angry,1236034629292957700,"@Eisner_etext I insist. Though I know you to be more than capable of your own defense, I will not allow them to strike you."
2675889571,angry,angry,1236034222244212700,"@jtLOL @TulsiGabbard The establishment really hates Tulsi, and though I disagree with much of politics, I think she's honest and impressive."
2675889571,surprise,angry,1236034222244212700,"@jtLOL @TulsiGabbard The establishment really hates Tulsi, and though I disagree with much of politics, I think she's honest and impressive."
2675889571,pleasant,angry,1236034222244212700,"@jtLOL @TulsiGabbard The establishment really hates Tulsi, and though I disagree with much of politics, I think she's honest and impressive."
2675889572,angry,angry,1236033903670038500,@eruditechalamet Hot damn
2675889572,angry,angry,1236033903670038500,@eruditechalamet Hot damn
2675889572,angry,angry,1236033903670038500,@eruditechalamet Hot damn
2675889573,happy,angry,1236033577307029500,"I predict that there will be a new force in British politics, with the same momentum as the Brexit Party had, campaigning against the asphyxiating target of achieving net-zero by 2050. Itâ€™ll become clear very soon that our politicians arenâ€™t been straight with voters on the cost."
2675889574,angry,angry,1236031869633933300,"""Elise, @siswet, Elbow deep inside her asshole! Full clip on https://t.co/JuOQbV6y3m ğŸ’¦ğŸŒ¹ğŸ’‹ğŸ‘…ğŸ’–âœ‹ğŸ‘‰ğŸ‘ŒğŸ˜§ğŸ˜“ğŸ˜ğŸ˜˜ğŸ˜ˆğŸ¤˜"" @KravenLori @SharonBestis1 @ItsJustMeSamR @OceaneRvnle @6062alfred @takranaya01 @EllsCostello @dcddysprincessa @NastyGi99947216 @AnalSuperWoman https://t.co/vhuRoWM0v4"
2675889574,excitement,angry,1236031869633933300,"""Elise, @siswet, Elbow deep inside her asshole! Full clip on https://t.co/JuOQbV6y3m ğŸ’¦ğŸŒ¹ğŸ’‹ğŸ‘…ğŸ’–âœ‹ğŸ‘‰ğŸ‘ŒğŸ˜§ğŸ˜“ğŸ˜ğŸ˜˜ğŸ˜ˆğŸ¤˜"" @KravenLori @SharonBestis1 @ItsJustMeSamR @OceaneRvnle @6062alfred @takranaya01 @EllsCostello @dcddysprincessa @NastyGi99947216 @AnalSuperWoman https://t.co/vhuRoWM0v4"
2675889574,angry,angry,1236031869633933300,"""Elise, @siswet, Elbow deep inside her asshole! Full clip on https://t.co/JuOQbV6y3m ğŸ’¦ğŸŒ¹ğŸ’‹ğŸ‘…ğŸ’–âœ‹ğŸ‘‰ğŸ‘ŒğŸ˜§ğŸ˜“ğŸ˜ğŸ˜˜ğŸ˜ˆğŸ¤˜"" @KravenLori @SharonBestis1 @ItsJustMeSamR @OceaneRvnle @6062alfred @takranaya01 @EllsCostello @dcddysprincessa @NastyGi99947216 @AnalSuperWoman https://t.co/vhuRoWM0v4"
2675889575,angry,angry,1236028773994291200,"Should we hold our breath waiting for you to condemn Senator Schumer's threats against 2 Supreme Court justices?
https://t.co/y55ztSFjSb"
2675889575,fear,angry,1236028773994291200,"Should we hold our breath waiting for you to condemn Senator Schumer's threats against 2 Supreme Court justices?
https://t.co/y55ztSFjSb"
2675889575,angry,angry,1236028773994291200,"Should we hold our breath waiting for you to condemn Senator Schumer's threats against 2 Supreme Court justices?
https://t.co/y55ztSFjSb"
2675889576,angry,angry,1236027641674772500,@Legendaryziig Brudda if you rapping and started rapping after 2010 and you not making sure your paper straight or learning the inâ€™s and out of your contract you deserve to get jacked! Thatâ€™s crazy to me help me understand?
2675889576,angry,angry,1236027641674772500,@Legendaryziig Brudda if you rapping and started rapping after 2010 and you not making sure your paper straight or learning the inâ€™s and out of your contract you deserve to get jacked! Thatâ€™s crazy to me help me understand?
2675889577,pleasant,angry,1236030648801824800,"TenNapel has worked with countless people in Hollywood, on huge projects, for decades. He likely has hundreds of friends who disagree with his politics. Thatâ€™s a beautiful thing. And MAYBE Northcott isnâ€™t far-left enough for some comic industry professionals. (5/6)"
2675889578,excitement,angry,1236032961218334700,"Amazing fansign, hot asshole ğŸ˜ˆ
FOLLOW â© @MakersPleasure âª
â© https://t.co/BLqa81Pskm
â© https://t.co/JnMmqak0lZ
ğŸ’¦ğŸ’¦ğŸ’¦ğŸ’¦ğŸ’¦ğŸ’¦
@blackcorner_off
@thesexpedition
@DirtyBabesPromo
@tterb1407
@zupergeil40
@CamaSutrax
@AdultBrazil
@Booty_Kingdom_
@x_dimon22
@VoyeurCreep
@SFregna https://t.co/wjBusQD8yd"
2675889579,excitement,angry,1236031421560557600,"@CobraMarketView $SPX &amp; $NYMO can be made out to your bias: either a Bear Flag, or a bottoming ""W"" pattern."
2675889579,pleasant,angry,1236031421560557600,"@CobraMarketView $SPX &amp; $NYMO can be made out to your bias: either a Bear Flag, or a bottoming ""W"" pattern."
2675889579,surprise,angry,1236031421560557600,"@CobraMarketView $SPX &amp; $NYMO can be made out to your bias: either a Bear Flag, or a bottoming ""W"" pattern."
2675889580,happy,angry,1236030783359500300,"@jendoesthething Minori, you are NOT a delinquent.

Takeru is just, you know, a type. Kinda tsun, hot cosplayer, athletic."
2675889580,pleasant,angry,1236030783359500300,"@jendoesthething Minori, you are NOT a delinquent.

Takeru is just, you know, a type. Kinda tsun, hot cosplayer, athletic."
2675889580,excitement,angry,1236030783359500300,"@jendoesthething Minori, you are NOT a delinquent.

Takeru is just, you know, a type. Kinda tsun, hot cosplayer, athletic."
2675889581,happy,angry,1236033535020064800,https://t.co/01IHzStkxE Annabel nude: hot asian nights in Singapore #annabel #annabelmiller #mature #pussy #maturepussy #femaleanus #matureanus #butthole #asshole #nudewife #lovelywife https://t.co/Gib16md7ze
2675889581,excitement,angry,1236033535020064800,https://t.co/01IHzStkxE Annabel nude: hot asian nights in Singapore #annabel #annabelmiller #mature #pussy #maturepussy #femaleanus #matureanus #butthole #asshole #nudewife #lovelywife https://t.co/Gib16md7ze
2675889581,excitement,angry,1236033535020064800,https://t.co/01IHzStkxE Annabel nude: hot asian nights in Singapore #annabel #annabelmiller #mature #pussy #maturepussy #femaleanus #matureanus #butthole #asshole #nudewife #lovelywife https://t.co/Gib16md7ze
2675889582,angry,angry,1236034737476681700,"@mcuban gets fined by the @NBA after criticizing the league's officials and going on the court to confront the officials in the final minutes during the @dallasmavs vs. @ATLHawks game. 

#NBA | #MarkCuban | #Mavericks | #MFFL https://t.co/0s5WQYBFKB"
2675889582,angry,angry,1236034737476681700,"@mcuban gets fined by the @NBA after criticizing the league's officials and going on the court to confront the officials in the final minutes during the @dallasmavs vs. @ATLHawks game. 

#NBA | #MarkCuban | #Mavericks | #MFFL https://t.co/0s5WQYBFKB"
2675899958,excitement,angry,1236034629292957700,"@Eisner_etext I insist. Though I know you to be more than capable of your own defense, I will not allow them to strike you."
2675899958,excitement,angry,1236034629292957700,"@Eisner_etext I insist. Though I know you to be more than capable of your own defense, I will not allow them to strike you."
2675899958,fear,angry,1236034629292957700,"@Eisner_etext I insist. Though I know you to be more than capable of your own defense, I will not allow them to strike you."
2675899958,angry,angry,1236034629292957700,"@Eisner_etext I insist. Though I know you to be more than capable of your own defense, I will not allow them to strike you."
2675899958,excitement,angry,1236034629292957700,"@Eisner_etext I insist. Though I know you to be more than capable of your own defense, I will not allow them to strike you."
2675900103,happy,pleasant,1236027607625408500,"@Badluckrabbit @LeadedInk @DrFudge765 I'm glad that my top tweet is #2, right after my feet dox https://t.co/CO7woS0jtl"
2675900103,happy,pleasant,1236027607625408500,"@Badluckrabbit @LeadedInk @DrFudge765 I'm glad that my top tweet is #2, right after my feet dox https://t.co/CO7woS0jtl"
2675900103,happy,pleasant,1236027607625408500,"@Badluckrabbit @LeadedInk @DrFudge765 I'm glad that my top tweet is #2, right after my feet dox https://t.co/CO7woS0jtl"
2675900103,happy,pleasant,1236027607625408500,"@Badluckrabbit @LeadedInk @DrFudge765 I'm glad that my top tweet is #2, right after my feet dox https://t.co/CO7woS0jtl"
2675900263,surprise,surprise,1236027725653000200,"They had a part, but only a very small one.

      And heâ€™s going to stay oblivious, because Sam doesnâ€™t want to ruin this..."
2675900263,surprise,surprise,1236027725653000200,"They had a part, but only a very small one.

      And heâ€™s going to stay oblivious, because Sam doesnâ€™t want to ruin this..."
2675900263,angry,surprise,1236027725653000200,"They had a part, but only a very small one.

      And heâ€™s going to stay oblivious, because Sam doesnâ€™t want to ruin this..."
2675900384,excitement,fear,1236028979661938700,may god protect asim from all this wickedness on earth and buri nazar from evil eyes
2675900384,surprise,fear,1236028979661938700,may god protect asim from all this wickedness on earth and buri nazar from evil eyes
2675900384,excitement,fear,1236028979661938700,may god protect asim from all this wickedness on earth and buri nazar from evil eyes
2675900384,fear,fear,1236028979661938700,may god protect asim from all this wickedness on earth and buri nazar from evil eyes